Name,ID
Abagail Marx,18XJ1A0202
Abdullah Horst,17XJ1A0132
Abdullah Reddy,17XJ1A0145
Abigale Jimenez,17XJ1A0141
Abigayle Bolen,18XJ1A0264
Abigayle Sander,18XJ1A0143
Abrianna Delarosa,17XJ1A0158
Abril Covarrubias,18XJ1A0138
Adan Goetz,18XJ1A0181
Adeline Henry,17XJ1A0105
Adrian Graff,18XJ1A0125
Ainsley Clinton,18XJ1A0187
Alannah Chisholm,17XJ1A0275
Aldo Ragan,17XJ1A0237
Aleah Crider,17XJ1A0309
Aleah Spangler,18XJ1A0193
Alexander Jaimes,18XJ1A0218
Alexandrea Starnes,18XJ1A0167
Alexandria Galbraith,17XJ1A0218
Alina Ervin,18XJ1A0274
Alison Mcvey,17XJ1A0255
Alivia Kidwell,17XJ1A0344
Alize Dodd,18XJ1A0345
Alize Gross,18XJ1A0341
Allen McPherson,17XJ1A0106
Allissa Biddle,18XJ1A0260
Alvin Hayden,17XJ1A0299
Alvin Venegas,18XJ1A0195
Alycia Woodard,17XJ1A0107
Alyse Bertrand,18XJ1A0178
Amaiya Solano,17XJ1A0147
Amalia Frost,18XJ1A0108
Amaris Jones,18XJ1A0236
Amber Costa,18XJ1A0205
Amber Rudolph,18XJ1A0189
Amina Ware,17XJ1A0199
Andie Embry,17XJ1A0159
Andreas Byers,17XJ1A0250
Andrew Keefe,17XJ1A0345
Anissa Medina,17XJ1A0241
Annabelle Malloy,17XJ1A0125
Annalee Simmons,18XJ1A0262
Annaliese Giles,17XJ1A0197
Annalise Dietz,17XJ1A0210
Annette Ahmed,18XJ1A0100
Ansley Wilkes,17XJ1A0266
Anthony Llamas,17XJ1A0191
April Gorman,18XJ1A0208
Areli Seeley,17XJ1A0287
Arjun Payne,18XJ1A0159
Arman Griswold,18XJ1A0336
Ashanti Koenig,17XJ1A0213
Ashton Connelly,17XJ1A0152
Ashtyn Benjamin,17XJ1A0204
Ashtyn Inman,18XJ1A0137
Audra Bowling,17XJ1A0307
Augustus Sullivan,17XJ1A0260
Autum Kohn,18XJ1A0281
Avery Andrews,17XJ1A0290
Aya Kennedy,18XJ1A0107
Aylin Seals,17XJ1A0149
Baby Heaton,17XJ1A0117
Barry Laird,18XJ1A0347
Ben Alston,18XJ1A0267
Betsy Blake,17XJ1A0162
Blaine Mckenzie,17XJ1A0167
Blayne Pollock,17XJ1A0148
Braden Thorne,18XJ1A0111
Bradley Mazur,18XJ1A0198
Brady Grissom,18XJ1A0149
Braeden Etheridge,17XJ1A0277
Branson Harman,18XJ1A0110
Breanne Concepcion,17XJ1A0236
Brennan Keck,18XJ1A0200
Brennen Ellison,17XJ1A0209
Brianna Embry,18XJ1A0116
Brionna Grimes,18XJ1A0285
Britton Gillespie,18XJ1A0266
Briza Buford,18XJ1A0238
Brooke Delgadillo,18XJ1A0333
Caelan Infante,17XJ1A0232
Cailyn Seward,18XJ1A0192
Caleb Jeffries,17XJ1A0186
Cameron Burleson,18XJ1A0160
Camille Curran,17XJ1A0245
Candace Barkley,17XJ1A0297
Candy Duenas,17XJ1A0166
Carlee Pearce,18XJ1A0231
Carlo Cormier,17XJ1A0267
Carlos Sullivan,17XJ1A0207
Carolina Newell,18XJ1A0217
Cathryn Duarte,17XJ1A0340
Cayla Rincon,18XJ1A0153
Chandler McKinney,17XJ1A0234
Chanel Pickett,18XJ1A0136
Charisma Wilbur,18XJ1A0269
Charlotte Lorenzo,17XJ1A0122
Chastity Hulsey,18XJ1A0245
Chastity Lyle,17XJ1A0154
Chelsey Dean,17XJ1A0205
Chester Chavez,18XJ1A0129
Christion Cohen,17XJ1A0170
Christy Elliott,18XJ1A0141
Ciera Almanza,18XJ1A0191
Clifton Colby,17XJ1A0201
Clyde Bolin,17XJ1A0110
Clyde Lindsay,17XJ1A0318
Codey Lyon,18XJ1A0196
Cody Garay,18XJ1A0348
Cody Medina,17XJ1A0295
Coleman Peace,18XJ1A0286
Colin Hughes,18XJ1A0317
Conrad Mesa,18XJ1A0204
Cornelius Macias,18XJ1A0327
Cristobal Fallon,18XJ1A0300
Crystal Leavitt,17XJ1A0163
Cullen Calabrese,18XJ1A0234
Daisha Yoon,17XJ1A0157
Daisy Burton,18XJ1A0332
Dakotah Boyer,17XJ1A0284
Dallas Ball,17XJ1A0324
Danae Paquette,18XJ1A0132
Dania Babb,18XJ1A0304
Daniela Romo,17XJ1A0135
Danielle Waldrop,17XJ1A0248
Daquan Samuels,18XJ1A0239
Daria Daily,18XJ1A0331
Darien Martens,17XJ1A0220
Dario White,17XJ1A0292
Darrion Barrios,18XJ1A0166
Darrius Albers,17XJ1A0179
Darrius Machado,18XJ1A0261
Dashaun Sears,17XJ1A0119
Dayna Steele,18XJ1A0233
Daysha Sapp,18XJ1A0113
Deangelo Neuman,18XJ1A0284
Debra Clevenger,17XJ1A0203
Delanie Gilbertson,17XJ1A0230
Demetrius Hutchison,18XJ1A0165
Denise Minor,18XJ1A0340
Denise Segura,18XJ1A0329
Denisse Pacheco,18XJ1A0295
Denisse Warden,18XJ1A0214
Devon Kaiser,18XJ1A0321
Devyn Ewing,17XJ1A0120
Dexter Dunne,18XJ1A0213
Diego Shanks,18XJ1A0247
Dina Duckworth,18XJ1A0109
Dorian Medina,17XJ1A0333
Doris Prado,17XJ1A0249
Dorothy Mayhew,18XJ1A0104
Eden Ring,17XJ1A0228
Efrain Trujillo,17XJ1A0129
Elaine Sell,18XJ1A0157
Elena Altamirano,18XJ1A0227
Eleni Aranda,17XJ1A0254
Elisa Negrete,18XJ1A0151
Elliot Held,17XJ1A0326
Emerson Samuel,17XJ1A0151
Estefany Harmon,17XJ1A0253
Evelin Bradley,18XJ1A0188
Everardo Cronin,17XJ1A0217
Everett Flood,18XJ1A0150
Ezra Lord,18XJ1A0268
Fernando Segovia,17XJ1A0265
Fidel Sam,18XJ1A0215
Finn Goodwin,17XJ1A0229
Finn Mullins,18XJ1A0106
Frances Prieto,17XJ1A0247
Frank Halstead,17XJ1A0332
Gabriel Hitchcock,18XJ1A0251
Galilea Villasenor,17XJ1A0109
Garret Cockrell,18XJ1A0318
Garrett Stewart,18XJ1A0241
Gary Matson,17XJ1A0272
Gary Paxton,18XJ1A0342
Gaven Kent,18XJ1A0253
Genaro Culver,17XJ1A0328
Genevieve Ratliff,18XJ1A0114
Geoffrey Riddle,17XJ1A0222
Gerald Arreola,17XJ1A0252
Gia Grey,17XJ1A0306
Giavanna Brill,17XJ1A0164
Giovanna Fugate,17XJ1A0291
Gisselle Thornton,18XJ1A0346
Glen Draper,17XJ1A0268
Gonzalo Huff,17XJ1A0102
Grady Sample,17XJ1A0171
Grayson Heim,17XJ1A0193
Gretchen Clawson,17XJ1A0195
Griselda Acuna,18XJ1A0280
Guillermo Hackney,17XJ1A0296
Gustavo Mull,17XJ1A0118
Gwendolyn Bain,17XJ1A0270
Gwendolyn Findley,17XJ1A0285
Halie Metzger,17XJ1A0136
Hamza Cary,17XJ1A0331
Hamza Caswell,17XJ1A0300
Harley Garibay,18XJ1A0249
Harmony McDermott,18XJ1A0259
Harris Parish,18XJ1A0127
Hasan Sam,18XJ1A0330
Haylie Garay,18XJ1A0326
Hazel Fry,17XJ1A0143
Heidi Whitmore,18XJ1A0173
Henry Johansen,18XJ1A0311
Herman Turley,18XJ1A0276
Holland Foy,18XJ1A0186
Holly Strom,18XJ1A0140
Hudson Guzman,17XJ1A0144
Ibrahim Sun,18XJ1A0147
Ireland Bernier,17XJ1A0341
Irvin Lira,18XJ1A0117
Isabell Perales,17XJ1A0320
Isabelle Harman,18XJ1A0322
Izaiah Barraza,17XJ1A0169
Izaiah Byler,18XJ1A0299
Jacey Dillon,18XJ1A0146
Jacey Weeks,18XJ1A0316
Jackeline Briscoe,17XJ1A0342
Jacklyn Saenz,18XJ1A0209
Jacy Tipton,18XJ1A0291
Jada Valadez,17XJ1A0174
Jadon Holt,18XJ1A0139
Jadon Vandyke,17XJ1A0108
Jaime Grimes,18XJ1A0310
Jakobe Boykin,18XJ1A0294
Jalin Milligan,17XJ1A0153
James Patrick,18XJ1A0307
Jamison Osorio,17XJ1A0175
Jane Carson,18XJ1A0174
Janell Hager,17XJ1A0313
Janie Reddy,18XJ1A0219
Janine McCormack,17XJ1A0134
Jaquelin Duran,18XJ1A0102
Jared Gulley,18XJ1A0279
Jarrett Murry,17XJ1A0246
Jase Franz,17XJ1A0150
Javier Breaux,18XJ1A0221
Javier Shipley,18XJ1A0252
Javonte Trevino,17XJ1A0231
Jaxson Schweitzer,17XJ1A0219
Jaycob Kauffman,17XJ1A0330
Jaylan Conway,18XJ1A0122
Jaylan Krieger,18XJ1A0161
Jaylynn Cyr,18XJ1A0263
Jayna Rowley,17XJ1A0303
Jayvon Kirk,17XJ1A0294
Jazmyn Schmid,18XJ1A0312
Jean Hickey,18XJ1A0226
Jedidiah Clarkson,17XJ1A0281
Jenny Barksdale,17XJ1A0185
Jessenia Perales,17XJ1A0302
Joaquin Crist,17XJ1A0305
Jocelyn Fitzsimmons,17XJ1A0140
Johnathon Leger,18XJ1A0334
Johnnie Moody,18XJ1A0175
Johnny Toney,18XJ1A0224
Johnpaul Wing,17XJ1A0316
Johnson Schuler,18XJ1A0183
Jonatan Moses,18XJ1A0306
Jonathon Lambert,17XJ1A0298
Jordi Tam,18XJ1A0335
Jordin Richey,17XJ1A0214
Jordin Rodrigues,18XJ1A0133
Josef Finney,17XJ1A0274
Joselyn Barrow,17XJ1A0347
Jude Golden,17XJ1A0226
Judith Crook,18XJ1A0220
Judith Howland,18XJ1A0258
Julio Clawson,18XJ1A0154
Justyn Goetz,17XJ1A0259
Kaela Prather,17XJ1A0168
Kaitlin Grantham,17XJ1A0288
Kaitlynn Sotelo,17XJ1A0104
Kala Greenfield,18XJ1A0282
Kalee Casillas,17XJ1A0181
Kalen Logan,17XJ1A0189
Kalista Whiteside,17XJ1A0192
Kaliyah Hidalgo,18XJ1A0121
Kallie Derosa,17XJ1A0240
Kallie Everett,17XJ1A0261
Kamron Billingsley,17XJ1A0121
Karla Frank,18XJ1A0118
Karla Parris,17XJ1A0173
Karley Williamson,18XJ1A0199
Kasey Gabriel,18XJ1A0254
Katelynn Harlow,18XJ1A0145
Katerina Hershberger,17XJ1A0262
Kathrine Leone,18XJ1A0142
Kathryn Naranjo,18XJ1A0203
Katy Fine,18XJ1A0308
Kaycee Carlin,18XJ1A0194
Kaycee Coker,18XJ1A0273
Kaylea Hatton,18XJ1A0216
Kaylea Navarrete,17XJ1A0139
Kayleigh Koenig,17XJ1A0113
Keenan Stone,17XJ1A0321
Keith Dempsey,17XJ1A0327
Kelley Ruth,17XJ1A0103
Kelli Haas,18XJ1A0349
Kelsie Segura,18XJ1A0270
Kendrick Gavin,18XJ1A0337
Kendrick Valadez,17XJ1A0216
Kenton Trejo,17XJ1A0208
Kenya Patrick,18XJ1A0278
Kenzie Meier,18XJ1A0228
Keon Griffin,18XJ1A0290
Keri Carrier,17XJ1A0101
Keshawn Stein,17XJ1A0273
Keyana Grubbs,17XJ1A0146
Keyara Camacho,18XJ1A0105
Keyla Gorman,18XJ1A0277
Kiara Jauregui,17XJ1A0243
Kierstin Millard,18XJ1A0339
Kierstin Romano,17XJ1A0271
Killian Ratliff,18XJ1A0222
Kinley Stallings,18XJ1A0120
Kirk Chavarria,18XJ1A0344
Kiya Ohara,18XJ1A0123
Kobe Barrientos,18XJ1A0338
Koby Littlejohn,18XJ1A0323
Kody Bader,18XJ1A0303
Kolby Sturm,17XJ1A0280
Kolten Roland,18XJ1A0124
Kristian Jansen,17XJ1A0343
Kurt Munguia,17XJ1A0124
Kurt Wilkins,18XJ1A0170
Kya Doss,18XJ1A0271
Kyree Hewitt,18XJ1A0232
Lacey Valdez,18XJ1A0283
Latrell Easley,17XJ1A0282
Leah Root,17XJ1A0133
Leanna Mackey,17XJ1A0301
Leona Cabral,17XJ1A0256
Lewis Breedlove,17XJ1A0233
Lexis Whitley,17XJ1A0176
Linda Brennan,17XJ1A0338
Litzy Moyer,18XJ1A0162
Lorena Lamar,17XJ1A0312
Lori Gill,17XJ1A0337
Louis Samuels,17XJ1A0142
Luca Sanders,18XJ1A0246
Lucia Cody,17XJ1A0202
Luciano Sims,18XJ1A0292
Luiz McLaughlin,18XJ1A0275
Lukas McGee,18XJ1A0298
Lukas Pressley,17XJ1A0283
Luther Popp,17XJ1A0183
Lyndsay Jacobson,18XJ1A0169
Lyndsay Schuler,18XJ1A0289
Madisen Decker,18XJ1A0229
Makala Bruns,18XJ1A0179
Makayla Bowie,17XJ1A0206
Malika Garber,17XJ1A0184
Mallorie Saenz,17XJ1A0319
Malorie Bassett,17XJ1A0242
Maranda Dunaway,18XJ1A0235
Marcel Wenger,17XJ1A0264
Marcello Weber,18XJ1A0211
Marco Rand,18XJ1A0180
Maren Sears,17XJ1A0223
Margaret Krebs,17XJ1A0131
Mariel Shearer,18XJ1A0201
Marion Gaddis,17XJ1A0161
Matthias Cordero,18XJ1A0257
Maxim Simonson,17XJ1A0279
Maxim Turk,18XJ1A0296
Maximilian McGraw,18XJ1A0207
Maximus Fish,17XJ1A0269
Maximus Kelly,17XJ1A0276
Mckenzie Finn,17XJ1A0188
Mckenzie Hitchcock,17XJ1A0200
Milo Greenfield,17XJ1A0215
Mira Bridges,17XJ1A0310
Mira Greenfield,17XJ1A0212
Miranda Livingston,17XJ1A0221
Miranda Savage,18XJ1A0272
Mireya Godfrey,18XJ1A0287
Misty Lavoie,17XJ1A0258
Mitchel Corcoran,18XJ1A0112
Mitchell Ryan,18XJ1A0119
Monet Wallace,17XJ1A0100
Monica Grabowski,18XJ1A0293
Monique Bourque,18XJ1A0328
Monserrat Lomax,18XJ1A0128
Nallely Covey,18XJ1A0130
Nancy Lamb,17XJ1A0112
Nash Parsons,17XJ1A0251
Natalia Huff,17XJ1A0349
Nataly Graham,17XJ1A0198
Natalya Garvin,18XJ1A0163
Nathaly Lavoie,17XJ1A0156
Nathanial Sampson,18XJ1A0225
Nestor Light,17XJ1A0123
Nigel Bunn,18XJ1A0240
Nora Snyder,18XJ1A0301
Orlando Clemens,18XJ1A0103
Patricia Gross,17XJ1A0286
Payton Atkinson,18XJ1A0206
Pedro Hearn,17XJ1A0239
Perry Perryman,17XJ1A0317
Peyton Ashford,17XJ1A0329
Peyton Mast,18XJ1A0325
Phoenix Fontaine,17XJ1A0128
Phoenix Thai,17XJ1A0138
Quinten Whiting,18XJ1A0320
Quinton Taylor,18XJ1A0197
Rachelle Lamb,17XJ1A0177
Raelyn Steward,18XJ1A0343
Rafael Mansfield,18XJ1A0319
Rahul Vera,17XJ1A0160
Randall Forrester,17XJ1A0304
Rashawn Balderas,17XJ1A0126
Ray Mcneely,18XJ1A0314
Raymundo Benavides,17XJ1A0225
Raymundo Zapata,17XJ1A0322
Reagan Houghton,18XJ1A0243
Reanna Dover,18XJ1A0248
Rhiannon Swift,17XJ1A0194
Rhys Wylie,17XJ1A0334
Ricky Doty,17XJ1A0311
River Feliciano,18XJ1A0324
Robyn Dickey,17XJ1A0211
Robyn Guzman,18XJ1A0313
Ronan Baggett,17XJ1A0137
Rosalinda Harvey,18XJ1A0148
Rowan Paquette,17XJ1A0196
Roxanna McNair,18XJ1A0190
Roxanna Toney,18XJ1A0250
Rudy Bradley,17XJ1A0224
Russell Sosa,18XJ1A0168
Ruth Cook,18XJ1A0297
Ryann Coker,17XJ1A0339
Rylie Gomez,17XJ1A0323
Sage Schrock,17XJ1A0165
Samira Baer,17XJ1A0308
Sana Fairbanks,18XJ1A0156
Sanjana Cornwell,17XJ1A0187
Santiago Nadeau,17XJ1A0257
Sasha Sweat,17XJ1A0238
Saul Sweet,18XJ1A0315
Sean Guthrie,17XJ1A0278
Sebastien Hickman,17XJ1A0155
Semaj Plummer,18XJ1A0212
Serenity Castillo,18XJ1A0144
Serenity Ngo,18XJ1A0152
Shaniya Booth,18XJ1A0172
Shanna Branch,17XJ1A0335
Shawn Kay,17XJ1A0263
Shea Jenkins,17XJ1A0235
Sheldon Ernst,17XJ1A0315
Sidney Zamora,18XJ1A0223
Skyler Close,17XJ1A0182
Starr Hammond,18XJ1A0134
Stephon Burnett,17XJ1A0190
Stephon Smoot,17XJ1A0115
Stevie Young,18XJ1A0155
Stone Rayburn,18XJ1A0182
Stuart Hartmann,17XJ1A0244
Susana Dunn,17XJ1A0130
Susana Healey,18XJ1A0126
Sydnee Mears,17XJ1A0314
Sydney Rowe,18XJ1A0265
Tai Kline,17XJ1A0116
Tasha Smalley,17XJ1A0180
Tate Blum,18XJ1A0184
Tatum Henning,18XJ1A0171
Teagan Davidson,18XJ1A0242
Terry Metcalf,18XJ1A0115
Thea McCloud,18XJ1A0255
Thea Noyes,17XJ1A0172
Theodore Schmidt,18XJ1A0131
Theron Stroud,18XJ1A0302
Tierney Kasper,17XJ1A0127
Tina Ricker,18XJ1A0164
Tobias Wheeler,18XJ1A0158
Tori Seibert,18XJ1A0210
Travion Conley,17XJ1A0114
Trent Hartmann,17XJ1A0111
Trista Pritchard,18XJ1A0230
Tucker Volk,17XJ1A0178
Tyrique Crane,18XJ1A0256
Tyshawn Espino,18XJ1A0185
Valeria Quinn,17XJ1A0346
Victor Dunn,18XJ1A0176
Warren Schofield,17XJ1A0293
Wilson Slocum,18XJ1A0177
Yasmine Dunning,18XJ1A0237
Yasmine Sadler,17XJ1A0289
Yessica Rucker,18XJ1A0305
Yisroel Sisk,17XJ1A0348
Yisroel Storm,17XJ1A0336
Yosef Rowley,18XJ1A0309
Yousef Luttrell,18XJ1A0288
Yulisa Denson,17XJ1A0325
Zachery Clancy,18XJ1A0101
Zachery Schrader,18XJ1A0135
Zackary Naylor,18XJ1A0244
Zoie McDermott,17XJ1A0227
